--
-- PostgreSQL database dump
--

-- Dumped from database version 14.4
-- Dumped by pg_dump version 14.4

-- Started on 2022-07-24 12:22:03

SET statement_timeout = 0;
SET lock_timeout = 0;
SET idle_in_transaction_session_timeout = 0;
SET client_encoding = 'UTF8';
SET standard_conforming_strings = on;
SELECT pg_catalog.set_config('search_path', '', false);
SET check_function_bodies = false;
SET xmloption = content;
SET client_min_messages = warning;
SET row_security = off;

SET default_tablespace = '';

SET default_table_access_method = heap;

--
-- TOC entry 209 (class 1259 OID 16614)
-- Name: answer; Type: TABLE; Schema: public; Owner: testing_system_user
--

CREATE TABLE public.answer (
    id integer NOT NULL,
    is_right boolean NOT NULL,
    text character varying(200),
    question_id integer NOT NULL
);


ALTER TABLE public.answer OWNER TO testing_system_user;

--
-- TOC entry 210 (class 1259 OID 16617)
-- Name: answer_id_seq; Type: SEQUENCE; Schema: public; Owner: testing_system_user
--

ALTER TABLE public.answer ALTER COLUMN id ADD GENERATED BY DEFAULT AS IDENTITY (
    SEQUENCE NAME public.answer_id_seq
    START WITH 1
    INCREMENT BY 1
    NO MINVALUE
    NO MAXVALUE
    CACHE 1
);


--
-- TOC entry 219 (class 1259 OID 33079)
-- Name: attempt; Type: TABLE; Schema: public; Owner: testing_system_user
--

CREATE TABLE public.attempt (
    id integer NOT NULL,
    date_time timestamp without time zone NOT NULL,
    score double precision NOT NULL,
    test_id integer NOT NULL,
    user_id integer NOT NULL,
    CONSTRAINT attempt_score_check CHECK ((score >= (0)::double precision))
);


ALTER TABLE public.attempt OWNER TO testing_system_user;

--
-- TOC entry 218 (class 1259 OID 33078)
-- Name: attempt_id_seq; Type: SEQUENCE; Schema: public; Owner: testing_system_user
--

ALTER TABLE public.attempt ALTER COLUMN id ADD GENERATED BY DEFAULT AS IDENTITY (
    SEQUENCE NAME public.attempt_id_seq
    START WITH 1
    INCREMENT BY 1
    NO MINVALUE
    NO MAXVALUE
    CACHE 1
);


--
-- TOC entry 211 (class 1259 OID 16622)
-- Name: hibernate_sequence; Type: SEQUENCE; Schema: public; Owner: testing_system_user
--

CREATE SEQUENCE public.hibernate_sequence
    START WITH 1
    INCREMENT BY 1
    NO MINVALUE
    NO MAXVALUE
    CACHE 1;


ALTER TABLE public.hibernate_sequence OWNER TO testing_system_user;

--
-- TOC entry 212 (class 1259 OID 16623)
-- Name: question; Type: TABLE; Schema: public; Owner: testing_system_user
--

CREATE TABLE public.question (
    id integer NOT NULL,
    max_score integer NOT NULL,
    question_template_index integer,
    text character varying(500),
    test_id integer NOT NULL,
    CONSTRAINT question_max_score_check CHECK ((max_score >= 1)),
    CONSTRAINT question_question_template_index_check CHECK ((question_template_index >= 0))
);


ALTER TABLE public.question OWNER TO testing_system_user;

--
-- TOC entry 213 (class 1259 OID 16630)
-- Name: question_id_seq; Type: SEQUENCE; Schema: public; Owner: testing_system_user
--

ALTER TABLE public.question ALTER COLUMN id ADD GENERATED BY DEFAULT AS IDENTITY (
    SEQUENCE NAME public.question_id_seq
    START WITH 1
    INCREMENT BY 1
    NO MINVALUE
    NO MAXVALUE
    CACHE 1
);


--
-- TOC entry 220 (class 1259 OID 33085)
-- Name: submitted_answer; Type: TABLE; Schema: public; Owner: testing_system_user
--

CREATE TABLE public.submitted_answer (
    attempt_id integer NOT NULL,
    submitted_value boolean,
    answer_id integer NOT NULL
);


ALTER TABLE public.submitted_answer OWNER TO testing_system_user;

--
-- TOC entry 214 (class 1259 OID 16634)
-- Name: system_user; Type: TABLE; Schema: public; Owner: testing_system_user
--

CREATE TABLE public.system_user (
    id integer NOT NULL,
    email character varying(320),
    group_number integer,
    name character varying(100),
    nickname character varying(50),
    password character varying(256),
    role integer NOT NULL,
    university character varying(100),
    year integer,
    CONSTRAINT system_user_group_number_check CHECK ((group_number >= 1)),
    CONSTRAINT system_user_year_check CHECK (((year >= 1) AND (year <= 6)))
);


ALTER TABLE public.system_user OWNER TO testing_system_user;

--
-- TOC entry 215 (class 1259 OID 16641)
-- Name: system_user_id_seq; Type: SEQUENCE; Schema: public; Owner: testing_system_user
--

ALTER TABLE public.system_user ALTER COLUMN id ADD GENERATED BY DEFAULT AS IDENTITY (
    SEQUENCE NAME public.system_user_id_seq
    START WITH 1
    INCREMENT BY 1
    NO MINVALUE
    NO MAXVALUE
    CACHE 1
);


--
-- TOC entry 216 (class 1259 OID 16642)
-- Name: test; Type: TABLE; Schema: public; Owner: testing_system_user
--

CREATE TABLE public.test (
    id integer NOT NULL,
    name character varying(50),
    programming_lang character varying(50),
    questions_count integer NOT NULL,
    test_type integer NOT NULL,
    passing_score integer,
    CONSTRAINT test_passing_score_check CHECK (((passing_score >= 1) AND (passing_score <= 100))),
    CONSTRAINT test_questions_count_check CHECK (((questions_count >= 1) AND (questions_count <= 50)))
);


ALTER TABLE public.test OWNER TO testing_system_user;

--
-- TOC entry 217 (class 1259 OID 16646)
-- Name: test_id_seq; Type: SEQUENCE; Schema: public; Owner: testing_system_user
--

ALTER TABLE public.test ALTER COLUMN id ADD GENERATED BY DEFAULT AS IDENTITY (
    SEQUENCE NAME public.test_id_seq
    START WITH 1
    INCREMENT BY 1
    NO MINVALUE
    NO MAXVALUE
    CACHE 1
);


--
-- TOC entry 3356 (class 0 OID 16614)
-- Dependencies: 209
-- Data for Name: answer; Type: TABLE DATA; Schema: public; Owner: testing_system_user
--

INSERT INTO public.answer VALUES (1, true, 'Lorem ipsum dolor sit amet, consectetuer adipiscing elit. Aenean commodo ligula eget dolor. Aenean massa. Cum sociis natoque penatibus et magnis dis parturient montes, nascetur ridiculus mus. Donec qu', 1);
INSERT INTO public.answer VALUES (2, true, 'Lorem ipsum dolor sit amet, consectetuer adipiscing elit. Aenean commodo ligula eget dolor. Aenean massa. Cum sociis natoque penatibus et magnis dis parturient montes, nascetur ridiculus mus. Donec qu', 1);
INSERT INTO public.answer VALUES (3, true, 'Lorem ipsum dolor sit amet, consectetuer adipiscing elit. Aenean commodo ligula eget dolor. Aenean massa. Cum sociis natoque penatibus et magnis dis parturient montes, nascetur ridiculus mus. Donec qu', 1);
INSERT INTO public.answer VALUES (4, true, 'Lorem ipsum dolor sit amet, consectetuer adipiscing elit. Aenean commodo ligula eget dolor. Aenean massa. Cum sociis natoque penatibus et magnis dis parturient montes, nascetur ridiculus mus. Donec qu', 1);
INSERT INTO public.answer VALUES (5, true, 'Lorem ipsum dolor sit amet, consectetuer adipiscing elit. Aenean commodo ligula eget dolor. Aenean massa. Cum sociis natoque penatibus et magnis dis parturient montes, nascetur ridiculus mus. Donec qu', 1);
INSERT INTO public.answer VALUES (6, true, 'Lorem ipsum dolor sit amet, consectetuer adipiscing elit. Aenean commodo ligula eget dolor. Aenean massa. Cum sociis natoque penatibus et magnis dis parturient montes, nascetur ridiculus mus. Donec qu', 1);
INSERT INTO public.answer VALUES (7, true, 'Lorem ipsum dolor sit amet, consectetuer adipiscing elit. Aenean commodo ligula eget dolor. Aenean massa. Cum sociis natoque penatibus et magnis dis parturient montes, nascetur ridiculus mus. Donec qu', 1);
INSERT INTO public.answer VALUES (8, true, 'Lorem ipsum dolor sit amet, consectetuer adipiscing elit. Aenean commodo ligula eget dolor. Aenean massa. Cum sociis natoque penatibus et magnis dis parturient montes, nascetur ridiculus mus. Donec qu', 1);
INSERT INTO public.answer VALUES (9, true, 'Lorem ipsum dolor sit amet, consectetuer adipiscing elit. Aenean commodo ligula eget dolor. Aenean massa. Cum sociis natoque penatibus et magnis dis parturient montes, nascetur ridiculus mus. Donec qu', 1);
INSERT INTO public.answer VALUES (10, true, 'Lorem ipsum dolor sit amet, consectetuer adipiscing elit. Aenean commodo ligula eget dolor. Aenean massa. Cum sociis natoque penatibus et magnis dis parturient montes, nascetur ridiculus mus. Donec qu', 1);
INSERT INTO public.answer VALUES (11, true, 'TRUE', 2);
INSERT INTO public.answer VALUES (12, false, 'lie', 2);
INSERT INTO public.answer VALUES (13, true, 'yes', 3);
INSERT INTO public.answer VALUES (14, true, 'of course', 3);
INSERT INTO public.answer VALUES (15, true, 'always', 3);
INSERT INTO public.answer VALUES (16, true, 'yeah', 4);
INSERT INTO public.answer VALUES (17, true, 'ok', 4);
INSERT INTO public.answer VALUES (18, false, 'no', 4);
INSERT INTO public.answer VALUES (19, true, 'truth', 5);
INSERT INTO public.answer VALUES (20, false, 'lier!', 5);
INSERT INTO public.answer VALUES (21, false, 'NOT true', 5);
INSERT INTO public.answer VALUES (22, false, 'fake news', 5);
INSERT INTO public.answer VALUES (23, true, '+++', 6);
INSERT INTO public.answer VALUES (24, false, 'Nein', 6);
INSERT INTO public.answer VALUES (25, false, '------', 7);
INSERT INTO public.answer VALUES (26, true, 'Ja', 7);
INSERT INTO public.answer VALUES (27, true, 'vérité', 7);
INSERT INTO public.answer VALUES (28, true, 'Of course yes', 8);
INSERT INTO public.answer VALUES (29, false, 'never', 8);
INSERT INTO public.answer VALUES (30, false, 'no way', 8);
INSERT INTO public.answer VALUES (31, false, 'not for a moment', 9);
INSERT INTO public.answer VALUES (32, true, 'certainly', 9);
INSERT INTO public.answer VALUES (33, true, 'sure', 9);
INSERT INTO public.answer VALUES (34, true, 'yes', 10);
INSERT INTO public.answer VALUES (35, true, 'indeed', 10);
INSERT INTO public.answer VALUES (36, true, 'affirmative', 10);
INSERT INTO public.answer VALUES (37, true, 'stunning', 11);
INSERT INTO public.answer VALUES (38, true, 'tremendous', 11);
INSERT INTO public.answer VALUES (39, false, 'awful', 11);
INSERT INTO public.answer VALUES (40, false, 'ok', 11);


--
-- TOC entry 3366 (class 0 OID 33079)
-- Dependencies: 219
-- Data for Name: attempt; Type: TABLE DATA; Schema: public; Owner: testing_system_user
--

INSERT INTO public.attempt VALUES (1, '2022-07-24 12:00:31.815108', 66.66666666666666, 4, 4);
INSERT INTO public.attempt VALUES (2, '2022-07-24 12:00:42.685783', 100, 4, 4);
INSERT INTO public.attempt VALUES (3, '2022-07-24 12:01:40.564677', 75, 3, 4);
INSERT INTO public.attempt VALUES (4, '2022-07-24 12:02:03.985551', 25, 2, 4);
INSERT INTO public.attempt VALUES (5, '2022-07-24 12:02:26.452178', 75, 2, 4);
INSERT INTO public.attempt VALUES (6, '2022-07-24 12:02:41.096884', 30, 1, 4);
INSERT INTO public.attempt VALUES (7, '2022-07-24 12:03:00.137658', 40, 1, 4);
INSERT INTO public.attempt VALUES (8, '2022-07-24 12:03:39.720075', 90, 1, 4);
INSERT INTO public.attempt VALUES (9, '2022-07-24 12:04:22.929987', 20, 1, 6);
INSERT INTO public.attempt VALUES (10, '2022-07-24 12:04:37.70849', 60, 1, 6);
INSERT INTO public.attempt VALUES (11, '2022-07-24 12:04:54.371625', 75, 3, 6);
INSERT INTO public.attempt VALUES (12, '2022-07-24 12:05:11.023115', 0, 4, 6);
INSERT INTO public.attempt VALUES (13, '2022-07-24 12:05:18.98421', 50, 4, 6);
INSERT INTO public.attempt VALUES (14, '2022-07-24 12:05:39.966157', 21.428571428571427, 2, 6);
INSERT INTO public.attempt VALUES (15, '2022-07-24 12:07:21.338921', 30, 1, 5);
INSERT INTO public.attempt VALUES (16, '2022-07-24 12:07:37.874269', 100, 1, 5);
INSERT INTO public.attempt VALUES (17, '2022-07-24 12:08:04.645539', 70, 1, 5);
INSERT INTO public.attempt VALUES (18, '2022-07-24 12:09:10.229684', 0, 4, 3);
INSERT INTO public.attempt VALUES (19, '2022-07-24 12:09:18.173226', 33.33333333333333, 4, 3);
INSERT INTO public.attempt VALUES (20, '2022-07-24 12:09:35.830489', 50, 4, 3);
INSERT INTO public.attempt VALUES (21, '2022-07-24 12:09:42.480698', 66.66666666666666, 4, 3);
INSERT INTO public.attempt VALUES (22, '2022-07-24 12:09:49.870606', 66.66666666666666, 4, 3);
INSERT INTO public.attempt VALUES (23, '2022-07-24 12:09:56.070836', 66.66666666666666, 4, 3);
INSERT INTO public.attempt VALUES (24, '2022-07-24 12:10:03.134422', 33.33333333333333, 4, 3);


--
-- TOC entry 3359 (class 0 OID 16623)
-- Dependencies: 212
-- Data for Name: question; Type: TABLE DATA; Schema: public; Owner: testing_system_user
--

INSERT INTO public.question VALUES (1, 7, 0, 'DummyText Lorem ipsum dolor sit amet, consectetuer adipiscing elit. Aenean commodo ligula eget dolor. Aenean massa. Cum sociis natoque penatibus et magnis dis parturient montes, nascetur ridiculus mus. Donec quam felis, ultricies nec, pellentesque eu, pretium quis, sem. Nulla consequat massa quis enim. Donec pede justo, fringilla vel, aliquet nec, vulputate eget, arcu. In enim justo, rhoncus ut, imperdiet a, venenatis vitae, justo. Nullam dictum felis eu pede mollis pretium. Integer tincidunt. C', 1);
INSERT INTO public.question VALUES (2, 1, NULL, 'This is question 1', 2);
INSERT INTO public.question VALUES (3, 2, NULL, 'Is this question 2?', 2);
INSERT INTO public.question VALUES (4, 3, NULL, 'QUESTION 3 !!!!!', 2);
INSERT INTO public.question VALUES (5, 4, NULL, 'Could it be question 4?', 2);
INSERT INTO public.question VALUES (6, 1, 0, 'Question 1. Option 1', 3);
INSERT INTO public.question VALUES (7, 1, 0, 'Question 1. Option 2', 3);
INSERT INTO public.question VALUES (8, 3, 1, 'Question 2. Option 1', 3);
INSERT INTO public.question VALUES (9, 3, 1, 'Question 2. Option 2', 3);
INSERT INTO public.question VALUES (10, 3, NULL, 'Is this a great app?', 4);
INSERT INTO public.question VALUES (11, 12, NULL, 'How great this app is?', 4);


--
-- TOC entry 3367 (class 0 OID 33085)
-- Dependencies: 220
-- Data for Name: submitted_answer; Type: TABLE DATA; Schema: public; Owner: testing_system_user
--

INSERT INTO public.submitted_answer VALUES (1, true, 34);
INSERT INTO public.submitted_answer VALUES (1, true, 35);
INSERT INTO public.submitted_answer VALUES (1, false, 36);
INSERT INTO public.submitted_answer VALUES (2, true, 34);
INSERT INTO public.submitted_answer VALUES (2, true, 35);
INSERT INTO public.submitted_answer VALUES (2, true, 36);
INSERT INTO public.submitted_answer VALUES (3, false, 23);
INSERT INTO public.submitted_answer VALUES (3, false, 24);
INSERT INTO public.submitted_answer VALUES (3, true, 28);
INSERT INTO public.submitted_answer VALUES (3, false, 29);
INSERT INTO public.submitted_answer VALUES (3, false, 30);
INSERT INTO public.submitted_answer VALUES (4, false, 16);
INSERT INTO public.submitted_answer VALUES (4, false, 17);
INSERT INTO public.submitted_answer VALUES (4, false, 18);
INSERT INTO public.submitted_answer VALUES (4, true, 11);
INSERT INTO public.submitted_answer VALUES (4, false, 12);
INSERT INTO public.submitted_answer VALUES (5, true, 11);
INSERT INTO public.submitted_answer VALUES (5, true, 12);
INSERT INTO public.submitted_answer VALUES (5, true, 16);
INSERT INTO public.submitted_answer VALUES (5, true, 17);
INSERT INTO public.submitted_answer VALUES (5, false, 18);
INSERT INTO public.submitted_answer VALUES (6, true, 1);
INSERT INTO public.submitted_answer VALUES (6, true, 2);
INSERT INTO public.submitted_answer VALUES (6, false, 3);
INSERT INTO public.submitted_answer VALUES (6, false, 4);
INSERT INTO public.submitted_answer VALUES (6, false, 5);
INSERT INTO public.submitted_answer VALUES (6, false, 6);
INSERT INTO public.submitted_answer VALUES (6, false, 7);
INSERT INTO public.submitted_answer VALUES (6, true, 8);
INSERT INTO public.submitted_answer VALUES (6, false, 9);
INSERT INTO public.submitted_answer VALUES (6, false, 10);
INSERT INTO public.submitted_answer VALUES (7, false, 1);
INSERT INTO public.submitted_answer VALUES (7, true, 2);
INSERT INTO public.submitted_answer VALUES (7, false, 3);
INSERT INTO public.submitted_answer VALUES (7, true, 4);
INSERT INTO public.submitted_answer VALUES (7, true, 5);
INSERT INTO public.submitted_answer VALUES (7, false, 6);
INSERT INTO public.submitted_answer VALUES (7, false, 7);
INSERT INTO public.submitted_answer VALUES (7, false, 8);
INSERT INTO public.submitted_answer VALUES (7, false, 9);
INSERT INTO public.submitted_answer VALUES (7, true, 10);
INSERT INTO public.submitted_answer VALUES (8, true, 1);
INSERT INTO public.submitted_answer VALUES (8, true, 2);
INSERT INTO public.submitted_answer VALUES (8, true, 3);
INSERT INTO public.submitted_answer VALUES (8, true, 4);
INSERT INTO public.submitted_answer VALUES (8, false, 5);
INSERT INTO public.submitted_answer VALUES (8, true, 6);
INSERT INTO public.submitted_answer VALUES (8, true, 7);
INSERT INTO public.submitted_answer VALUES (8, true, 8);
INSERT INTO public.submitted_answer VALUES (8, true, 9);
INSERT INTO public.submitted_answer VALUES (8, true, 10);
INSERT INTO public.submitted_answer VALUES (9, true, 1);
INSERT INTO public.submitted_answer VALUES (9, false, 2);
INSERT INTO public.submitted_answer VALUES (9, false, 3);
INSERT INTO public.submitted_answer VALUES (9, false, 4);
INSERT INTO public.submitted_answer VALUES (9, false, 5);
INSERT INTO public.submitted_answer VALUES (9, false, 6);
INSERT INTO public.submitted_answer VALUES (9, false, 7);
INSERT INTO public.submitted_answer VALUES (9, false, 8);
INSERT INTO public.submitted_answer VALUES (9, false, 9);
INSERT INTO public.submitted_answer VALUES (9, true, 10);
INSERT INTO public.submitted_answer VALUES (10, true, 1);
INSERT INTO public.submitted_answer VALUES (10, true, 2);
INSERT INTO public.submitted_answer VALUES (10, true, 3);
INSERT INTO public.submitted_answer VALUES (10, false, 4);
INSERT INTO public.submitted_answer VALUES (10, false, 5);
INSERT INTO public.submitted_answer VALUES (10, false, 6);
INSERT INTO public.submitted_answer VALUES (10, true, 7);
INSERT INTO public.submitted_answer VALUES (10, true, 8);
INSERT INTO public.submitted_answer VALUES (10, true, 9);
INSERT INTO public.submitted_answer VALUES (10, false, 10);
INSERT INTO public.submitted_answer VALUES (11, false, 23);
INSERT INTO public.submitted_answer VALUES (11, false, 24);
INSERT INTO public.submitted_answer VALUES (11, true, 28);
INSERT INTO public.submitted_answer VALUES (11, false, 29);
INSERT INTO public.submitted_answer VALUES (11, false, 30);
INSERT INTO public.submitted_answer VALUES (12, false, 37);
INSERT INTO public.submitted_answer VALUES (12, true, 38);
INSERT INTO public.submitted_answer VALUES (12, false, 39);
INSERT INTO public.submitted_answer VALUES (12, true, 40);
INSERT INTO public.submitted_answer VALUES (13, false, 37);
INSERT INTO public.submitted_answer VALUES (13, true, 38);
INSERT INTO public.submitted_answer VALUES (13, false, 39);
INSERT INTO public.submitted_answer VALUES (13, false, 40);
INSERT INTO public.submitted_answer VALUES (14, false, 19);
INSERT INTO public.submitted_answer VALUES (14, false, 20);
INSERT INTO public.submitted_answer VALUES (14, false, 21);
INSERT INTO public.submitted_answer VALUES (14, false, 22);
INSERT INTO public.submitted_answer VALUES (14, false, 16);
INSERT INTO public.submitted_answer VALUES (14, true, 17);
INSERT INTO public.submitted_answer VALUES (14, false, 18);
INSERT INTO public.submitted_answer VALUES (15, false, 1);
INSERT INTO public.submitted_answer VALUES (15, false, 2);
INSERT INTO public.submitted_answer VALUES (15, true, 3);
INSERT INTO public.submitted_answer VALUES (15, true, 4);
INSERT INTO public.submitted_answer VALUES (15, false, 5);
INSERT INTO public.submitted_answer VALUES (15, false, 6);
INSERT INTO public.submitted_answer VALUES (15, true, 7);
INSERT INTO public.submitted_answer VALUES (15, false, 8);
INSERT INTO public.submitted_answer VALUES (15, false, 9);
INSERT INTO public.submitted_answer VALUES (15, false, 10);
INSERT INTO public.submitted_answer VALUES (16, true, 1);
INSERT INTO public.submitted_answer VALUES (16, true, 2);
INSERT INTO public.submitted_answer VALUES (16, true, 3);
INSERT INTO public.submitted_answer VALUES (16, true, 4);
INSERT INTO public.submitted_answer VALUES (16, true, 5);
INSERT INTO public.submitted_answer VALUES (16, true, 6);
INSERT INTO public.submitted_answer VALUES (16, true, 7);
INSERT INTO public.submitted_answer VALUES (16, true, 8);
INSERT INTO public.submitted_answer VALUES (16, true, 9);
INSERT INTO public.submitted_answer VALUES (16, true, 10);
INSERT INTO public.submitted_answer VALUES (17, true, 1);
INSERT INTO public.submitted_answer VALUES (17, false, 2);
INSERT INTO public.submitted_answer VALUES (17, false, 3);
INSERT INTO public.submitted_answer VALUES (17, true, 4);
INSERT INTO public.submitted_answer VALUES (17, true, 5);
INSERT INTO public.submitted_answer VALUES (17, true, 6);
INSERT INTO public.submitted_answer VALUES (17, true, 7);
INSERT INTO public.submitted_answer VALUES (17, false, 8);
INSERT INTO public.submitted_answer VALUES (17, true, 9);
INSERT INTO public.submitted_answer VALUES (17, true, 10);
INSERT INTO public.submitted_answer VALUES (18, false, 37);
INSERT INTO public.submitted_answer VALUES (18, false, 38);
INSERT INTO public.submitted_answer VALUES (18, false, 39);
INSERT INTO public.submitted_answer VALUES (18, false, 40);
INSERT INTO public.submitted_answer VALUES (19, true, 34);
INSERT INTO public.submitted_answer VALUES (19, false, 35);
INSERT INTO public.submitted_answer VALUES (19, false, 36);
INSERT INTO public.submitted_answer VALUES (20, false, 37);
INSERT INTO public.submitted_answer VALUES (20, true, 38);
INSERT INTO public.submitted_answer VALUES (20, false, 39);
INSERT INTO public.submitted_answer VALUES (20, false, 40);
INSERT INTO public.submitted_answer VALUES (21, false, 34);
INSERT INTO public.submitted_answer VALUES (21, true, 35);
INSERT INTO public.submitted_answer VALUES (21, true, 36);
INSERT INTO public.submitted_answer VALUES (22, true, 34);
INSERT INTO public.submitted_answer VALUES (22, false, 35);
INSERT INTO public.submitted_answer VALUES (22, true, 36);
INSERT INTO public.submitted_answer VALUES (23, false, 34);
INSERT INTO public.submitted_answer VALUES (23, true, 35);
INSERT INTO public.submitted_answer VALUES (23, true, 36);
INSERT INTO public.submitted_answer VALUES (24, false, 34);
INSERT INTO public.submitted_answer VALUES (24, true, 35);
INSERT INTO public.submitted_answer VALUES (24, false, 36);


--
-- TOC entry 3361 (class 0 OID 16634)
-- Dependencies: 214
-- Data for Name: system_user; Type: TABLE DATA; Schema: public; Owner: testing_system_user
--

INSERT INTO public.system_user VALUES (1, 'Teacher@Teacher.Teacher', NULL, 'Teacher Teacher', 'Teacher', '$2a$10$LnyRlwc2vnOQyAgo8l6kxerI7oTv2jHWV/62jWjbewafANXtkNoce', 0, 'Teacher', NULL);
INSERT INTO public.system_user VALUES (2, 'teacher2022@teacher-world.org', NULL, 'Another teacher', 'omniscient', '$2a$10$Pf2v0wDxEwbcrtctRz.LDOCo.v17kMHCJb4TYdsTw1BuySdg.pTdC', 0, 'Best university', NULL);
INSERT INTO public.system_user VALUES (3, 'avsyasvyg@dnjghgjak.dbbs', 1, 'Stupid Dummy', 'dummy', '$2a$10$bU/1YwQ6AsRFl5YGhSMmTuM53y.0H4z8FjpZOy5FBvFOBvrfst3ya', 1, 'The worst university', 5);
INSERT INTO public.system_user VALUES (4, 'super@super.super', 21, 'super super super', 'super', '$2a$10$XvzVWw07uNUp26NqS7phwuzBDa9pVJkuCodF8glMi68Ug/BOXmDre', 1, 'Super university', 2);
INSERT INTO public.system_user VALUES (5, 'njadsjnadjn@njdajbdajb.com', 1, 'Lorem ipsum dolor sit amet, consectetuer adipiscing elit. Aenean commodo ligula eget dolor. Aenean m', 'Lorem ipsum dolor sit amet, consectetuer adipiscin', '$2a$10$HqtL5HHbmKDm0kirmITZNuIyqGDBlAh850ykNKlqNTt3Rikbm79.C', 1, 'Lorem ipsum dolor sit amet, consectetuer adipiscing elit. Aenean commodo ligula eget dolor. Aenean m', 4);
INSERT INTO public.system_user VALUES (6, 'jbcsjncx@nkdskn.und', 3, 'Avarage man', 'avarage', '$2a$10$/PY2wajRl4Qou8ls5/yCkeUSjT.MKGpcd4xCcXz78cKmBwK518hLu', 1, 'avarage university', 6);


--
-- TOC entry 3363 (class 0 OID 16642)
-- Dependencies: 216
-- Data for Name: test; Type: TABLE DATA; Schema: public; Owner: testing_system_user
--

INSERT INTO public.test VALUES (1, 'Lorem ipsum dolor sit amet, consectetuer adipiscin', 'Lorem ipsum dolor sit amet, consectetuer adipiscin', 1, 1, 50);
INSERT INTO public.test VALUES (4, 'Verty hard test', 'C#', 1, 0, 90);
INSERT INTO public.test VALUES (2, 'Test with bank', 'Java', 2, 0, 70);
INSERT INTO public.test VALUES (3, 'Test with options', 'Javascript', 2, 1, 35);


--
-- TOC entry 3373 (class 0 OID 0)
-- Dependencies: 210
-- Name: answer_id_seq; Type: SEQUENCE SET; Schema: public; Owner: testing_system_user
--

SELECT pg_catalog.setval('public.answer_id_seq', 41, true);


--
-- TOC entry 3374 (class 0 OID 0)
-- Dependencies: 218
-- Name: attempt_id_seq; Type: SEQUENCE SET; Schema: public; Owner: testing_system_user
--

SELECT pg_catalog.setval('public.attempt_id_seq', 24, true);


--
-- TOC entry 3375 (class 0 OID 0)
-- Dependencies: 211
-- Name: hibernate_sequence; Type: SEQUENCE SET; Schema: public; Owner: testing_system_user
--

SELECT pg_catalog.setval('public.hibernate_sequence', 26, true);


--
-- TOC entry 3376 (class 0 OID 0)
-- Dependencies: 213
-- Name: question_id_seq; Type: SEQUENCE SET; Schema: public; Owner: testing_system_user
--

SELECT pg_catalog.setval('public.question_id_seq', 12, true);


--
-- TOC entry 3377 (class 0 OID 0)
-- Dependencies: 215
-- Name: system_user_id_seq; Type: SEQUENCE SET; Schema: public; Owner: testing_system_user
--

SELECT pg_catalog.setval('public.system_user_id_seq', 6, true);


--
-- TOC entry 3378 (class 0 OID 0)
-- Dependencies: 217
-- Name: test_id_seq; Type: SEQUENCE SET; Schema: public; Owner: testing_system_user
--

SELECT pg_catalog.setval('public.test_id_seq', 5, true);


--
-- TOC entry 3197 (class 2606 OID 16648)
-- Name: answer answer_pkey; Type: CONSTRAINT; Schema: public; Owner: testing_system_user
--

ALTER TABLE ONLY public.answer
    ADD CONSTRAINT answer_pkey PRIMARY KEY (id);


--
-- TOC entry 3207 (class 2606 OID 33084)
-- Name: attempt attempt_pkey; Type: CONSTRAINT; Schema: public; Owner: testing_system_user
--

ALTER TABLE ONLY public.attempt
    ADD CONSTRAINT attempt_pkey PRIMARY KEY (id);


--
-- TOC entry 3199 (class 2606 OID 16652)
-- Name: question question_pkey; Type: CONSTRAINT; Schema: public; Owner: testing_system_user
--

ALTER TABLE ONLY public.question
    ADD CONSTRAINT question_pkey PRIMARY KEY (id);


--
-- TOC entry 3210 (class 2606 OID 33089)
-- Name: submitted_answer submitted_answer_pkey; Type: CONSTRAINT; Schema: public; Owner: testing_system_user
--

ALTER TABLE ONLY public.submitted_answer
    ADD CONSTRAINT submitted_answer_pkey PRIMARY KEY (attempt_id, answer_id);


--
-- TOC entry 3201 (class 2606 OID 16656)
-- Name: system_user system_user_pkey; Type: CONSTRAINT; Schema: public; Owner: testing_system_user
--

ALTER TABLE ONLY public.system_user
    ADD CONSTRAINT system_user_pkey PRIMARY KEY (id);


--
-- TOC entry 3205 (class 2606 OID 16658)
-- Name: test test_pkey; Type: CONSTRAINT; Schema: public; Owner: testing_system_user
--

ALTER TABLE ONLY public.test
    ADD CONSTRAINT test_pkey PRIMARY KEY (id);


--
-- TOC entry 3203 (class 2606 OID 16660)
-- Name: system_user uk_4lgfvgqp7nlb9rwm1f7v3dh6d; Type: CONSTRAINT; Schema: public; Owner: testing_system_user
--

ALTER TABLE ONLY public.system_user
    ADD CONSTRAINT uk_4lgfvgqp7nlb9rwm1f7v3dh6d UNIQUE (nickname);


--
-- TOC entry 3208 (class 1259 OID 33090)
-- Name: idxi9cg3e90tab5uhvd1gwjug68a; Type: INDEX; Schema: public; Owner: testing_system_user
--

CREATE INDEX idxi9cg3e90tab5uhvd1gwjug68a ON public.attempt USING btree (date_time);


--
-- TOC entry 3216 (class 2606 OID 33106)
-- Name: submitted_answer fk2sq1piyhhgkkcp60q2k54wdho; Type: FK CONSTRAINT; Schema: public; Owner: testing_system_user
--

ALTER TABLE ONLY public.submitted_answer
    ADD CONSTRAINT fk2sq1piyhhgkkcp60q2k54wdho FOREIGN KEY (attempt_id) REFERENCES public.attempt(id) ON DELETE CASCADE;


--
-- TOC entry 3211 (class 2606 OID 16661)
-- Name: answer fk8frr4bcabmmeyyu60qt7iiblo; Type: FK CONSTRAINT; Schema: public; Owner: testing_system_user
--

ALTER TABLE ONLY public.answer
    ADD CONSTRAINT fk8frr4bcabmmeyyu60qt7iiblo FOREIGN KEY (question_id) REFERENCES public.question(id) ON DELETE CASCADE;


--
-- TOC entry 3212 (class 2606 OID 16666)
-- Name: question fk8hejcpbbiq1qje11346akp3uj; Type: FK CONSTRAINT; Schema: public; Owner: testing_system_user
--

ALTER TABLE ONLY public.question
    ADD CONSTRAINT fk8hejcpbbiq1qje11346akp3uj FOREIGN KEY (test_id) REFERENCES public.test(id) ON DELETE CASCADE;


--
-- TOC entry 3215 (class 2606 OID 33101)
-- Name: submitted_answer fka60yd7pqqd599of6n0khdx3sm; Type: FK CONSTRAINT; Schema: public; Owner: testing_system_user
--

ALTER TABLE ONLY public.submitted_answer
    ADD CONSTRAINT fka60yd7pqqd599of6n0khdx3sm FOREIGN KEY (answer_id) REFERENCES public.answer(id) ON DELETE CASCADE;


--
-- TOC entry 3214 (class 2606 OID 33096)
-- Name: attempt fklvu0y30dvfxe04a7n6jl4gynj; Type: FK CONSTRAINT; Schema: public; Owner: testing_system_user
--

ALTER TABLE ONLY public.attempt
    ADD CONSTRAINT fklvu0y30dvfxe04a7n6jl4gynj FOREIGN KEY (user_id) REFERENCES public.system_user(id) ON DELETE CASCADE;


--
-- TOC entry 3213 (class 2606 OID 33091)
-- Name: attempt fkndl37di25vpn387aepg7qqyoc; Type: FK CONSTRAINT; Schema: public; Owner: testing_system_user
--

ALTER TABLE ONLY public.attempt
    ADD CONSTRAINT fkndl37di25vpn387aepg7qqyoc FOREIGN KEY (test_id) REFERENCES public.test(id) ON DELETE CASCADE;


-- Completed on 2022-07-24 12:22:04

--
-- PostgreSQL database dump complete
--

